id,roll_no,name,age
2505,1,Bronnie,13
2506,2,Lemmie,15
2507,3,Danya,14
2508,4,Denna,14
2509,5,Jocelin,14
2510,6,Malissa,14
2511,7,Ichabod,14
2512,8,Beverlie,14
2513,9,Corrine,15
2514,10,Tate,15
2515,11,Dunn,15
2516,12,Valaria,13
2517,13,Merrick,15
2518,14,Gracie,13
2519,15,Missy,13
2520,16,Gilberta,15
2521,17,Peggy,13
2522,18,Dory,13
2523,19,Opalina,13
2524,20,Ashlan,13
2525,21,Amery,13
2526,22,Benoite,14
2527,23,Merle,13
2528,24,Valma,14
2529,25,Jone,14
2530,26,Rae,15
2531,27,Charmine,14
2532,28,Hanan,14
2533,29,Adrian,13
2534,30,Livia,13
2535,31,Richie,15
2536,32,Ekaterina,15
2537,33,Tamra,14
2538,34,Zarla,15
2539,35,Tommy,13
2540,36,Anna-diane,15
2541,37,Josh,14
2542,38,Claudina,14
2543,39,Adah,13
2544,40,Luelle,13
2545,41,Johannes,15
2546,42,Hetty,13
2547,43,Brandie,15
2548,44,Arvie,15
2549,45,Jacenta,15
2550,46,Teddy,14
2551,47,Everett,14
2552,48,Lyda,15
2553,49,Vinny,13
2554,50,Karrie,14
2555,51,Skipp,14
2556,52,Rollie,13
2557,53,Ruben,15
2558,54,Tabbie,15
2559,55,Lief,15
2560,56,Olenka,14
2561,57,Hinze,15
2562,58,Issie,14
2563,59,Yardley,14
2564,60,Winslow,14
2565,61,Bobbee,14
2566,62,Fanny,13
2567,63,Massimiliano,14
2568,64,Shannon,15
2569,65,Mufi,14
2570,66,Christan,14
2571,67,Orrin,15
2572,68,Drusi,15
2573,69,Nil,15
2574,70,Jessamine,14
2575,71,Bil,15
2576,72,Jaymie,14
2577,73,Lorrie,13
2578,74,Bethena,13
2579,75,Sascha,13
2580,76,Cherie,15
2581,77,David,13
2582,78,Jody,15
2583,79,Rosalynd,13
2584,80,Elton,13
2585,81,Teresita,15
2586,82,Dannel,15
2587,83,Amabel,14
2588,84,Eugine,13
2589,85,Brien,13
2590,86,Agace,15
2591,87,Aubrey,13
2592,88,Sheffie,15
2593,89,Ranee,15
2594,90,Cobby,15
2595,91,Linn,13
2596,92,Daffi,15
2597,93,Morganne,15
2598,94,Dael,13
2599,95,Ario,14
2600,96,Georgia,15
2601,97,Adolphus,13
2602,98,Silvia,14
2603,99,Brendin,14
2604,100,Loella,15
2605,101,Hildegaard,14
2606,102,Alvin,13
2607,103,Christoph,13
2608,104,Woodie,15
2609,105,Jeannie,13
2610,106,Jocelyne,14
2611,107,Rina,14
2612,108,Virgie,14
2613,109,Vaughn,14
2614,110,Cherry,14
2615,111,Abel,13
2616,112,Matt,15
2617,113,Josefa,13
2618,114,Coretta,14
2619,115,Chris,13
2620,116,Shanie,14
2621,117,Kath,14
2622,118,Bent,14
2623,119,Aretha,13
2624,120,Alyse,14
2625,121,Patrizia,13
2626,122,Gloria,14
2627,123,Brandise,13
2628,124,Orin,15
2629,125,Fredric,14
2630,126,Pat,15
2631,127,Bennie,14
2632,128,Starlin,14
2633,129,Susy,15
2634,130,Eadmund,13
2635,131,Blisse,15
2636,132,Tymothy,13
2637,133,Lindsay,15
2638,134,Jehanna,15
2639,135,Humfrid,13
2640,136,Hector,13
2641,137,Ailene,15
2642,138,Berget,13
2643,139,Bevan,13
2644,140,Ricky,13
2645,141,Isidora,15
2646,142,Emmanuel,14
2647,143,Cristian,13
2648,144,Guido,13
2649,145,Alis,15
2650,146,Brien,15
2651,147,Jaquenette,15
2652,148,Danni,13
2653,149,Adrianne,15
2654,150,Inger,13
2655,151,Herold,13
2656,152,Candide,15
2657,153,Susi,13
2658,154,Milo,14
2659,155,Emlyn,14
2660,156,Sarah,13
2661,157,Paten,15
2662,158,Aldin,13
2663,159,Reagan,14
2664,160,Patty,14
2665,161,Barde,15
2666,162,Pepi,13
2667,163,Page,15
2668,164,Alard,13
2669,165,Fidelia,15
2670,166,Hali,13
2671,167,Keeley,15
2672,168,Dory,13
2673,169,Ilaire,14
2674,170,Ermina,15
2675,171,Fran,15
2676,172,Desmund,14
2677,173,Rosamond,15
2678,174,Margaux,14
2679,175,Shalom,14
2680,176,Ivan,14
2681,177,Guntar,13
2682,178,Moselle,15
2683,179,Val,13
2684,180,Amber,15
2685,181,Davidde,13
2686,182,Richard,13
2687,183,Sebastian,15
2688,184,Billie,13
2689,185,Purcell,14
2690,186,Alaine,15
2691,187,Goldarina,14
2692,188,Ruperto,14
2693,189,Oberon,15
2694,190,Ezekiel,13
2695,191,Estel,14
2696,192,Jayme,13
2697,193,Hebert,15
2698,194,Olivia,13
2699,195,Darya,15
2700,196,Nita,14
2701,197,Elbertina,14
2702,198,Carol,14
2703,199,Codi,14
2704,200,Codi,15
2705,201,Ruddie,15
2706,202,Baudoin,14
2707,203,Norri,14
2708,204,Nealon,14
2709,205,Willem,13
2710,206,Rosalyn,15
2711,207,Fannie,14
2712,208,Davis,13
2713,209,Zenia,14
2714,210,Alasteir,13
2715,211,Vivyan,14
2716,212,Reg,15
2717,213,Evangelin,15
2718,214,Tucky,15
2719,215,Betteann,13
2720,216,Elyn,15
2721,217,Kirk,14
2722,218,Zack,13
2723,219,Buffy,14
2724,220,Tammy,13
2725,221,Ericka,14
2726,222,Natty,13
2727,223,Leda,15
2728,224,Tabbi,13
2729,225,Romonda,13
2730,226,Blake,15
2731,227,Josepha,14
2732,228,Maureene,14
2733,229,Ginnifer,14
2734,230,Kent,15
2735,231,Stillman,15
2736,232,Maude,13
2737,233,Alysa,14
2738,234,Mortimer,15
2739,235,Fleming,13
2740,236,Nadia,15
2741,237,Britt,15
2742,238,Lazar,15
2743,239,Ashlin,14
2744,240,Raimund,15
2745,241,Claudell,14
2746,242,Janey,15
2747,243,Morrie,13
2748,244,Domingo,13
2749,245,Jesselyn,15
2750,246,Nickie,13
2751,247,Rog,13
2752,248,Kaia,15
2753,249,Anni,14
2754,250,Fernande,15
